species,rule,country_code,admin1_region_code
mammalia;carnivora;ursidae;ursus;americanus,allow,USA,NJ
mammalia;cetartiodactyla;cervidae;capreolus;capreolus,block,USA,
mammalia;chordata;canidae;canis;lupus dingo,block,ABW,
mammalia;chordata;canidae;canis;lupus dingo,block,AFG,
mammalia;chordata;canidae;canis;lupus dingo,block,AGO,
mammalia;chordata;canidae;canis;lupus dingo,block,AIA,
mammalia;chordata;canidae;canis;lupus dingo,block,ALA,
mammalia;chordata;canidae;canis;lupus dingo,block,ALB,
mammalia;chordata;canidae;canis;lupus dingo,block,AND,
mammalia;chordata;canidae;canis;lupus dingo,block,ARE,
mammalia;chordata;canidae;canis;lupus dingo,block,ARG,
mammalia;chordata;canidae;canis;lupus dingo,block,ARM,
mammalia;chordata;canidae;canis;lupus dingo,block,ASM,
mammalia;chordata;canidae;canis;lupus dingo,block,ATA,
mammalia;chordata;canidae;canis;lupus dingo,block,ATF,
mammalia;chordata;canidae;canis;lupus dingo,block,ATG,
mammalia;chordata;canidae;canis;lupus dingo,block,AUT,
mammalia;chordata;canidae;canis;lupus dingo,block,AZE,
mammalia;chordata;canidae;canis;lupus dingo,block,BDI,
mammalia;chordata;canidae;canis;lupus dingo,block,BEL,
mammalia;chordata;canidae;canis;lupus dingo,block,BEN,
mammalia;chordata;canidae;canis;lupus dingo,block,BES,
mammalia;chordata;canidae;canis;lupus dingo,block,BFA,
mammalia;chordata;canidae;canis;lupus dingo,block,BGD,
mammalia;chordata;canidae;canis;lupus dingo,block,BGR,
mammalia;chordata;canidae;canis;lupus dingo,block,BHR,
mammalia;chordata;canidae;canis;lupus dingo,block,BHS,
mammalia;chordata;canidae;canis;lupus dingo,block,BIH,
mammalia;chordata;canidae;canis;lupus dingo,block,BLM,
mammalia;chordata;canidae;canis;lupus dingo,block,BLR,
mammalia;chordata;canidae;canis;lupus dingo,block,BLZ,
mammalia;chordata;canidae;canis;lupus dingo,block,BMU,
mammalia;chordata;canidae;canis;lupus dingo,block,BOL,
mammalia;chordata;canidae;canis;lupus dingo,block,BRA,
mammalia;chordata;canidae;canis;lupus dingo,block,BRB,
mammalia;chordata;canidae;canis;lupus dingo,block,BRN,
mammalia;chordata;canidae;canis;lupus dingo,block,BTN,
mammalia;chordata;canidae;canis;lupus dingo,block,BVT,
mammalia;chordata;canidae;canis;lupus dingo,block,BWA,
mammalia;chordata;canidae;canis;lupus dingo,block,CAF,
mammalia;chordata;canidae;canis;lupus dingo,block,CAN,
mammalia;chordata;canidae;canis;lupus dingo,block,CCK,
mammalia;chordata;canidae;canis;lupus dingo,block,CHE,
mammalia;chordata;canidae;canis;lupus dingo,block,CHL,
mammalia;chordata;canidae;canis;lupus dingo,block,CHN,
mammalia;chordata;canidae;canis;lupus dingo,block,CIV,
mammalia;chordata;canidae;canis;lupus dingo,block,CMR,
mammalia;chordata;canidae;canis;lupus dingo,block,COD,
mammalia;chordata;canidae;canis;lupus dingo,block,COG,
mammalia;chordata;canidae;canis;lupus dingo,block,COK,
mammalia;chordata;canidae;canis;lupus dingo,block,COL,
mammalia;chordata;canidae;canis;lupus dingo,block,COM,
mammalia;chordata;canidae;canis;lupus dingo,block,CPV,
mammalia;chordata;canidae;canis;lupus dingo,block,CRI,
mammalia;chordata;canidae;canis;lupus dingo,block,CUB,
mammalia;chordata;canidae;canis;lupus dingo,block,CUW,
mammalia;chordata;canidae;canis;lupus dingo,block,CXR,
mammalia;chordata;canidae;canis;lupus dingo,block,CYM,
mammalia;chordata;canidae;canis;lupus dingo,block,CYP,
mammalia;chordata;canidae;canis;lupus dingo,block,CZE,
mammalia;chordata;canidae;canis;lupus dingo,block,DEU,
mammalia;chordata;canidae;canis;lupus dingo,block,DJI,
mammalia;chordata;canidae;canis;lupus dingo,block,DMA,
mammalia;chordata;canidae;canis;lupus dingo,block,DNK,
mammalia;chordata;canidae;canis;lupus dingo,block,DOM,
mammalia;chordata;canidae;canis;lupus dingo,block,DZA,
mammalia;chordata;canidae;canis;lupus dingo,block,ECU,
mammalia;chordata;canidae;canis;lupus dingo,block,EGY,
mammalia;chordata;canidae;canis;lupus dingo,block,ERI,
mammalia;chordata;canidae;canis;lupus dingo,block,ESH,
mammalia;chordata;canidae;canis;lupus dingo,block,ESP,
mammalia;chordata;canidae;canis;lupus dingo,block,EST,
mammalia;chordata;canidae;canis;lupus dingo,block,ETH,
mammalia;chordata;canidae;canis;lupus dingo,block,FIN,
mammalia;chordata;canidae;canis;lupus dingo,block,FJI,
mammalia;chordata;canidae;canis;lupus dingo,block,FLK,
mammalia;chordata;canidae;canis;lupus dingo,block,FRA,
mammalia;chordata;canidae;canis;lupus dingo,block,FRO,
mammalia;chordata;canidae;canis;lupus dingo,block,FSM,
mammalia;chordata;canidae;canis;lupus dingo,block,GAB,
mammalia;chordata;canidae;canis;lupus dingo,block,GBR,
mammalia;chordata;canidae;canis;lupus dingo,block,GEO,
mammalia;chordata;canidae;canis;lupus dingo,block,GGY,
mammalia;chordata;canidae;canis;lupus dingo,block,GHA,
mammalia;chordata;canidae;canis;lupus dingo,block,GIB,
mammalia;chordata;canidae;canis;lupus dingo,block,GIN,
mammalia;chordata;canidae;canis;lupus dingo,block,GLP,
mammalia;chordata;canidae;canis;lupus dingo,block,GMB,
mammalia;chordata;canidae;canis;lupus dingo,block,GNB,
mammalia;chordata;canidae;canis;lupus dingo,block,GNQ,
mammalia;chordata;canidae;canis;lupus dingo,block,GRC,
mammalia;chordata;canidae;canis;lupus dingo,block,GRD,
mammalia;chordata;canidae;canis;lupus dingo,block,GRL,
mammalia;chordata;canidae;canis;lupus dingo,block,GTM,
mammalia;chordata;canidae;canis;lupus dingo,block,GUF,
mammalia;chordata;canidae;canis;lupus dingo,block,GUM,
mammalia;chordata;canidae;canis;lupus dingo,block,GUY,
mammalia;chordata;canidae;canis;lupus dingo,block,HKG,
mammalia;chordata;canidae;canis;lupus dingo,block,HMD,
mammalia;chordata;canidae;canis;lupus dingo,block,HND,
mammalia;chordata;canidae;canis;lupus dingo,block,HRV,
mammalia;chordata;canidae;canis;lupus dingo,block,HTI,
mammalia;chordata;canidae;canis;lupus dingo,block,HUN,
mammalia;chordata;canidae;canis;lupus dingo,block,IMN,
mammalia;chordata;canidae;canis;lupus dingo,block,IND,
mammalia;chordata;canidae;canis;lupus dingo,block,IOT,
mammalia;chordata;canidae;canis;lupus dingo,block,IRL,
mammalia;chordata;canidae;canis;lupus dingo,block,IRN,
mammalia;chordata;canidae;canis;lupus dingo,block,IRQ,
mammalia;chordata;canidae;canis;lupus dingo,block,ISL,
mammalia;chordata;canidae;canis;lupus dingo,block,ISR,
mammalia;chordata;canidae;canis;lupus dingo,block,ITA,
mammalia;chordata;canidae;canis;lupus dingo,block,JAM,
mammalia;chordata;canidae;canis;lupus dingo,block,JEY,
mammalia;chordata;canidae;canis;lupus dingo,block,JOR,
mammalia;chordata;canidae;canis;lupus dingo,block,JPN,
mammalia;chordata;canidae;canis;lupus dingo,block,KAZ,
mammalia;chordata;canidae;canis;lupus dingo,block,KEN,
mammalia;chordata;canidae;canis;lupus dingo,block,KGZ,
mammalia;chordata;canidae;canis;lupus dingo,block,KHM,
mammalia;chordata;canidae;canis;lupus dingo,block,KIR,
mammalia;chordata;canidae;canis;lupus dingo,block,KNA,
mammalia;chordata;canidae;canis;lupus dingo,block,KOR,
mammalia;chordata;canidae;canis;lupus dingo,block,KWT,
mammalia;chordata;canidae;canis;lupus dingo,block,LAO,
mammalia;chordata;canidae;canis;lupus dingo,block,LBN,
mammalia;chordata;canidae;canis;lupus dingo,block,LBR,
mammalia;chordata;canidae;canis;lupus dingo,block,LBY,
mammalia;chordata;canidae;canis;lupus dingo,block,LCA,
mammalia;chordata;canidae;canis;lupus dingo,block,LIE,
mammalia;chordata;canidae;canis;lupus dingo,block,LKA,
mammalia;chordata;canidae;canis;lupus dingo,block,LSO,
mammalia;chordata;canidae;canis;lupus dingo,block,LTU,
mammalia;chordata;canidae;canis;lupus dingo,block,LUX,
mammalia;chordata;canidae;canis;lupus dingo,block,LVA,
mammalia;chordata;canidae;canis;lupus dingo,block,MAC,
mammalia;chordata;canidae;canis;lupus dingo,block,MAF,
mammalia;chordata;canidae;canis;lupus dingo,block,MAR,
mammalia;chordata;canidae;canis;lupus dingo,block,MCO,
mammalia;chordata;canidae;canis;lupus dingo,block,MDA,
mammalia;chordata;canidae;canis;lupus dingo,block,MDG,
mammalia;chordata;canidae;canis;lupus dingo,block,MDV,
mammalia;chordata;canidae;canis;lupus dingo,block,MEX,
mammalia;chordata;canidae;canis;lupus dingo,block,MHL,
mammalia;chordata;canidae;canis;lupus dingo,block,MKD,
mammalia;chordata;canidae;canis;lupus dingo,block,MLI,
mammalia;chordata;canidae;canis;lupus dingo,block,MLT,
mammalia;chordata;canidae;canis;lupus dingo,block,MMR,
mammalia;chordata;canidae;canis;lupus dingo,block,MNE,
mammalia;chordata;canidae;canis;lupus dingo,block,MNG,
mammalia;chordata;canidae;canis;lupus dingo,block,MNP,
mammalia;chordata;canidae;canis;lupus dingo,block,MOZ,
mammalia;chordata;canidae;canis;lupus dingo,block,MRT,
mammalia;chordata;canidae;canis;lupus dingo,block,MSR,
mammalia;chordata;canidae;canis;lupus dingo,block,MTQ,
mammalia;chordata;canidae;canis;lupus dingo,block,MUS,
mammalia;chordata;canidae;canis;lupus dingo,block,MWI,
mammalia;chordata;canidae;canis;lupus dingo,block,MYT,
mammalia;chordata;canidae;canis;lupus dingo,block,NAM,
mammalia;chordata;canidae;canis;lupus dingo,block,NCL,
mammalia;chordata;canidae;canis;lupus dingo,block,NER,
mammalia;chordata;canidae;canis;lupus dingo,block,NFK,
mammalia;chordata;canidae;canis;lupus dingo,block,NGA,
mammalia;chordata;canidae;canis;lupus dingo,block,NIC,
mammalia;chordata;canidae;canis;lupus dingo,block,NIU,
mammalia;chordata;canidae;canis;lupus dingo,block,NLD,
mammalia;chordata;canidae;canis;lupus dingo,block,NOR,
mammalia;chordata;canidae;canis;lupus dingo,block,NPL,
mammalia;chordata;canidae;canis;lupus dingo,block,NRU,
mammalia;chordata;canidae;canis;lupus dingo,block,NZL,
mammalia;chordata;canidae;canis;lupus dingo,block,OMN,
mammalia;chordata;canidae;canis;lupus dingo,block,PAK,
mammalia;chordata;canidae;canis;lupus dingo,block,PAN,
mammalia;chordata;canidae;canis;lupus dingo,block,PCN,
mammalia;chordata;canidae;canis;lupus dingo,block,PER,
mammalia;chordata;canidae;canis;lupus dingo,block,PHL,
mammalia;chordata;canidae;canis;lupus dingo,block,PLW,
mammalia;chordata;canidae;canis;lupus dingo,block,POL,
mammalia;chordata;canidae;canis;lupus dingo,block,PRI,
mammalia;chordata;canidae;canis;lupus dingo,block,PRK,
mammalia;chordata;canidae;canis;lupus dingo,block,PRT,
mammalia;chordata;canidae;canis;lupus dingo,block,PRY,
mammalia;chordata;canidae;canis;lupus dingo,block,PSE,
mammalia;chordata;canidae;canis;lupus dingo,block,PYF,
mammalia;chordata;canidae;canis;lupus dingo,block,QAT,
mammalia;chordata;canidae;canis;lupus dingo,block,REU,
mammalia;chordata;canidae;canis;lupus dingo,block,ROU,
mammalia;chordata;canidae;canis;lupus dingo,block,RUS,
mammalia;chordata;canidae;canis;lupus dingo,block,RWA,
mammalia;chordata;canidae;canis;lupus dingo,block,SAU,
mammalia;chordata;canidae;canis;lupus dingo,block,SDN,
mammalia;chordata;canidae;canis;lupus dingo,block,SEN,
mammalia;chordata;canidae;canis;lupus dingo,block,SGP,
mammalia;chordata;canidae;canis;lupus dingo,block,SGS,
mammalia;chordata;canidae;canis;lupus dingo,block,SHN,
mammalia;chordata;canidae;canis;lupus dingo,block,SJM,
mammalia;chordata;canidae;canis;lupus dingo,block,SLB,
mammalia;chordata;canidae;canis;lupus dingo,block,SLE,
mammalia;chordata;canidae;canis;lupus dingo,block,SLV,
mammalia;chordata;canidae;canis;lupus dingo,block,SMR,
mammalia;chordata;canidae;canis;lupus dingo,block,SOM,
mammalia;chordata;canidae;canis;lupus dingo,block,SPM,
mammalia;chordata;canidae;canis;lupus dingo,block,SRB,
mammalia;chordata;canidae;canis;lupus dingo,block,SSD,
mammalia;chordata;canidae;canis;lupus dingo,block,STP,
mammalia;chordata;canidae;canis;lupus dingo,block,SUR,
mammalia;chordata;canidae;canis;lupus dingo,block,SVK,
mammalia;chordata;canidae;canis;lupus dingo,block,SVN,
mammalia;chordata;canidae;canis;lupus dingo,block,SWE,
mammalia;chordata;canidae;canis;lupus dingo,block,SWZ,
mammalia;chordata;canidae;canis;lupus dingo,block,SXM,
mammalia;chordata;canidae;canis;lupus dingo,block,SYC,
mammalia;chordata;canidae;canis;lupus dingo,block,SYR,
mammalia;chordata;canidae;canis;lupus dingo,block,TCA,
mammalia;chordata;canidae;canis;lupus dingo,block,TCD,
mammalia;chordata;canidae;canis;lupus dingo,block,TGO,
mammalia;chordata;canidae;canis;lupus dingo,block,TJK,
mammalia;chordata;canidae;canis;lupus dingo,block,TKL,
mammalia;chordata;canidae;canis;lupus dingo,block,TKM,
mammalia;chordata;canidae;canis;lupus dingo,block,TLS,
mammalia;chordata;canidae;canis;lupus dingo,block,TON,
mammalia;chordata;canidae;canis;lupus dingo,block,TTO,
mammalia;chordata;canidae;canis;lupus dingo,block,TUN,
mammalia;chordata;canidae;canis;lupus dingo,block,TUR,
mammalia;chordata;canidae;canis;lupus dingo,block,TUV,
mammalia;chordata;canidae;canis;lupus dingo,block,TWN,
mammalia;chordata;canidae;canis;lupus dingo,block,TZA,
mammalia;chordata;canidae;canis;lupus dingo,block,UGA,
mammalia;chordata;canidae;canis;lupus dingo,block,UKR,
mammalia;chordata;canidae;canis;lupus dingo,block,UMI,
mammalia;chordata;canidae;canis;lupus dingo,block,URY,
mammalia;chordata;canidae;canis;lupus dingo,block,USA,
mammalia;chordata;canidae;canis;lupus dingo,block,UZB,
mammalia;chordata;canidae;canis;lupus dingo,block,VAT,
mammalia;chordata;canidae;canis;lupus dingo,block,VCT,
mammalia;chordata;canidae;canis;lupus dingo,block,VEN,
mammalia;chordata;canidae;canis;lupus dingo,block,VGB,
mammalia;chordata;canidae;canis;lupus dingo,block,VIR,
mammalia;chordata;canidae;canis;lupus dingo,block,VNM,
mammalia;chordata;canidae;canis;lupus dingo,block,VUT,
mammalia;chordata;canidae;canis;lupus dingo,block,WLF,
mammalia;chordata;canidae;canis;lupus dingo,block,WSM,
mammalia;chordata;canidae;canis;lupus dingo,block,YEM,
mammalia;chordata;canidae;canis;lupus dingo,block,ZAF,
mammalia;chordata;canidae;canis;lupus dingo,block,ZMB,
mammalia;chordata;canidae;canis;lupus dingo,block,ZWE,
mammalia;cetartiodactyla;cervidae;capreolus;,block,USA,
mammalia;cetartiodactyla;hippopotamidae;hippopotamus;amphibius,allow,COL,
mammalia;cetartiodactyla;hippopotamidae;hippopotamus;,block,ABW,
mammalia;cetartiodactyla;hippopotamidae;hippopotamus;,block,AFG,
mammalia;cetartiodactyla;hippopotamidae;hippopotamus;,block,AIA,
mammalia;cetartiodactyla;hippopotamidae;hippopotamus;,block,ALA,
mammalia;cetartiodactyla;hippopotamidae;hippopotamus;,block,ALB,
mammalia;cetartiodactyla;hippopotamidae;hippopotamus;,block,AND,
mammalia;cetartiodactyla;hippopotamidae;hippopotamus;,block,ARE,
mammalia;cetartiodactyla;hippopotamidae;hippopotamus;,block,ARG,
mammalia;cetartiodactyla;hippopotamidae;hippopotamus;,block,ARM,
mammalia;cetartiodactyla;hippopotamidae;hippopotamus;,block,ASM,
mammalia;cetartiodactyla;hippopotamidae;hippopotamus;,block,ATA,
mammalia;cetartiodactyla;hippopotamidae;hippopotamus;,block,ATF,
mammalia;cetartiodactyla;hippopotamidae;hippopotamus;,block,ATG,
mammalia;cetartiodactyla;hippopotamidae;hippopotamus;,block,AUS,
mammalia;cetartiodactyla;hippopotamidae;hippopotamus;,block,AUT,
mammalia;cetartiodactyla;hippopotamidae;hippopotamus;,block,AZE,
mammalia;cetartiodactyla;hippopotamidae;hippopotamus;,block,BEL,
mammalia;cetartiodactyla;hippopotamidae;hippopotamus;,block,BES,
mammalia;cetartiodactyla;hippopotamidae;hippopotamus;,block,BGD,
mammalia;cetartiodactyla;hippopotamidae;hippopotamus;,block,BGR,
mammalia;cetartiodactyla;hippopotamidae;hippopotamus;,block,BHR,
mammalia;cetartiodactyla;hippopotamidae;hippopotamus;,block,BHS,
mammalia;cetartiodactyla;hippopotamidae;hippopotamus;,block,BIH,
mammalia;cetartiodactyla;hippopotamidae;hippopotamus;,block,BLM,
mammalia;cetartiodactyla;hippopotamidae;hippopotamus;,block,BLR,
mammalia;cetartiodactyla;hippopotamidae;hippopotamus;,block,BLZ,
mammalia;cetartiodactyla;hippopotamidae;hippopotamus;,block,BMU,
mammalia;cetartiodactyla;hippopotamidae;hippopotamus;,block,BOL,
mammalia;cetartiodactyla;hippopotamidae;hippopotamus;,block,BRA,
mammalia;cetartiodactyla;hippopotamidae;hippopotamus;,block,BRB,
mammalia;cetartiodactyla;hippopotamidae;hippopotamus;,block,BRN,
mammalia;cetartiodactyla;hippopotamidae;hippopotamus;,block,BTN,
mammalia;cetartiodactyla;hippopotamidae;hippopotamus;,block,BVT,
mammalia;cetartiodactyla;hippopotamidae;hippopotamus;,block,CAN,
mammalia;cetartiodactyla;hippopotamidae;hippopotamus;,block,CCK,
mammalia;cetartiodactyla;hippopotamidae;hippopotamus;,block,CHE,
mammalia;cetartiodactyla;hippopotamidae;hippopotamus;,block,CHL,
mammalia;cetartiodactyla;hippopotamidae;hippopotamus;,block,CHN,
mammalia;cetartiodactyla;hippopotamidae;hippopotamus;,block,COK,
mammalia;cetartiodactyla;hippopotamidae;hippopotamus;,block,COM,
mammalia;cetartiodactyla;hippopotamidae;hippopotamus;,block,CPV,
mammalia;cetartiodactyla;hippopotamidae;hippopotamus;,block,CRI,
mammalia;cetartiodactyla;hippopotamidae;hippopotamus;,block,CUB,
mammalia;cetartiodactyla;hippopotamidae;hippopotamus;,block,CUW,
mammalia;cetartiodactyla;hippopotamidae;hippopotamus;,block,CXR,
mammalia;cetartiodactyla;hippopotamidae;hippopotamus;,block,CYM,
mammalia;cetartiodactyla;hippopotamidae;hippopotamus;,block,CYP,
mammalia;cetartiodactyla;hippopotamidae;hippopotamus;,block,CZE,
mammalia;cetartiodactyla;hippopotamidae;hippopotamus;,block,DEU,
mammalia;cetartiodactyla;hippopotamidae;hippopotamus;,block,DJI,
mammalia;cetartiodactyla;hippopotamidae;hippopotamus;,block,DMA,
mammalia;cetartiodactyla;hippopotamidae;hippopotamus;,block,DNK,
mammalia;cetartiodactyla;hippopotamidae;hippopotamus;,block,DOM,
mammalia;cetartiodactyla;hippopotamidae;hippopotamus;,block,DZA,
mammalia;cetartiodactyla;hippopotamidae;hippopotamus;,block,ECU,
mammalia;cetartiodactyla;hippopotamidae;hippopotamus;,block,EGY,
mammalia;cetartiodactyla;hippopotamidae;hippopotamus;,block,ERI,
mammalia;cetartiodactyla;hippopotamidae;hippopotamus;,block,ESH,
mammalia;cetartiodactyla;hippopotamidae;hippopotamus;,block,ESP,
mammalia;cetartiodactyla;hippopotamidae;hippopotamus;,block,EST,
mammalia;cetartiodactyla;hippopotamidae;hippopotamus;,block,FIN,
mammalia;cetartiodactyla;hippopotamidae;hippopotamus;,block,FJI,
mammalia;cetartiodactyla;hippopotamidae;hippopotamus;,block,FLK,
mammalia;cetartiodactyla;hippopotamidae;hippopotamus;,block,FRA,
mammalia;cetartiodactyla;hippopotamidae;hippopotamus;,block,FRO,
mammalia;cetartiodactyla;hippopotamidae;hippopotamus;,block,FSM,
mammalia;cetartiodactyla;hippopotamidae;hippopotamus;,block,GBR,
mammalia;cetartiodactyla;hippopotamidae;hippopotamus;,block,GEO,
mammalia;cetartiodactyla;hippopotamidae;hippopotamus;,block,GGY,
mammalia;cetartiodactyla;hippopotamidae;hippopotamus;,block,GIB,
mammalia;cetartiodactyla;hippopotamidae;hippopotamus;,block,GLP,
mammalia;cetartiodactyla;hippopotamidae;hippopotamus;,block,GRC,
mammalia;cetartiodactyla;hippopotamidae;hippopotamus;,block,GRD,
mammalia;cetartiodactyla;hippopotamidae;hippopotamus;,block,GRL,
mammalia;cetartiodactyla;hippopotamidae;hippopotamus;,block,GTM,
mammalia;cetartiodactyla;hippopotamidae;hippopotamus;,block,GUF,
mammalia;cetartiodactyla;hippopotamidae;hippopotamus;,block,GUM,
mammalia;cetartiodactyla;hippopotamidae;hippopotamus;,block,GUY,
mammalia;cetartiodactyla;hippopotamidae;hippopotamus;,block,HKG,
mammalia;cetartiodactyla;hippopotamidae;hippopotamus;,block,HMD,
mammalia;cetartiodactyla;hippopotamidae;hippopotamus;,block,HND,
mammalia;cetartiodactyla;hippopotamidae;hippopotamus;,block,HRV,
mammalia;cetartiodactyla;hippopotamidae;hippopotamus;,block,HTI,
mammalia;cetartiodactyla;hippopotamidae;hippopotamus;,block,HUN,
mammalia;cetartiodactyla;hippopotamidae;hippopotamus;,block,IDN,
mammalia;cetartiodactyla;hippopotamidae;hippopotamus;,block,IMN,
mammalia;cetartiodactyla;hippopotamidae;hippopotamus;,block,IND,
mammalia;cetartiodactyla;hippopotamidae;hippopotamus;,block,IOT,
mammalia;cetartiodactyla;hippopotamidae;hippopotamus;,block,IRL,
mammalia;cetartiodactyla;hippopotamidae;hippopotamus;,block,IRN,
mammalia;cetartiodactyla;hippopotamidae;hippopotamus;,block,IRQ,
mammalia;cetartiodactyla;hippopotamidae;hippopotamus;,block,ISL,
mammalia;cetartiodactyla;hippopotamidae;hippopotamus;,block,ISR,
mammalia;cetartiodactyla;hippopotamidae;hippopotamus;,block,ITA,
mammalia;cetartiodactyla;hippopotamidae;hippopotamus;,block,JAM,
mammalia;cetartiodactyla;hippopotamidae;hippopotamus;,block,JEY,
mammalia;cetartiodactyla;hippopotamidae;hippopotamus;,block,JOR,
mammalia;cetartiodactyla;hippopotamidae;hippopotamus;,block,JPN,
mammalia;cetartiodactyla;hippopotamidae;hippopotamus;,block,KAZ,
mammalia;cetartiodactyla;hippopotamidae;hippopotamus;,block,KGZ,
mammalia;cetartiodactyla;hippopotamidae;hippopotamus;,block,KHM,
mammalia;cetartiodactyla;hippopotamidae;hippopotamus;,block,KIR,
mammalia;cetartiodactyla;hippopotamidae;hippopotamus;,block,KNA,
mammalia;cetartiodactyla;hippopotamidae;hippopotamus;,block,KOR,
mammalia;cetartiodactyla;hippopotamidae;hippopotamus;,block,KWT,
mammalia;cetartiodactyla;hippopotamidae;hippopotamus;,block,LAO,
mammalia;cetartiodactyla;hippopotamidae;hippopotamus;,block,LBN,
mammalia;cetartiodactyla;hippopotamidae;hippopotamus;,block,LBR,
mammalia;cetartiodactyla;hippopotamidae;hippopotamus;,block,LBY,
mammalia;cetartiodactyla;hippopotamidae;hippopotamus;,block,LCA,
mammalia;cetartiodactyla;hippopotamidae;hippopotamus;,block,LIE,
mammalia;cetartiodactyla;hippopotamidae;hippopotamus;,block,LKA,
mammalia;cetartiodactyla;hippopotamidae;hippopotamus;,block,LSO,
mammalia;cetartiodactyla;hippopotamidae;hippopotamus;,block,LTU,
mammalia;cetartiodactyla;hippopotamidae;hippopotamus;,block,LUX,
mammalia;cetartiodactyla;hippopotamidae;hippopotamus;,block,LVA,
mammalia;cetartiodactyla;hippopotamidae;hippopotamus;,block,MAC,
mammalia;cetartiodactyla;hippopotamidae;hippopotamus;,block,MAF,
mammalia;cetartiodactyla;hippopotamidae;hippopotamus;,block,MAR,
mammalia;cetartiodactyla;hippopotamidae;hippopotamus;,block,MCO,
mammalia;cetartiodactyla;hippopotamidae;hippopotamus;,block,MDA,
mammalia;cetartiodactyla;hippopotamidae;hippopotamus;,block,MDG,
mammalia;cetartiodactyla;hippopotamidae;hippopotamus;,block,MDV,
mammalia;cetartiodactyla;hippopotamidae;hippopotamus;,block,MEX,
mammalia;cetartiodactyla;hippopotamidae;hippopotamus;,block,MHL,
mammalia;cetartiodactyla;hippopotamidae;hippopotamus;,block,MKD,
mammalia;cetartiodactyla;hippopotamidae;hippopotamus;,block,MLT,
mammalia;cetartiodactyla;hippopotamidae;hippopotamus;,block,MMR,
mammalia;cetartiodactyla;hippopotamidae;hippopotamus;,block,MNE,
mammalia;cetartiodactyla;hippopotamidae;hippopotamus;,block,MNG,
mammalia;cetartiodactyla;hippopotamidae;hippopotamus;,block,MNP,
mammalia;cetartiodactyla;hippopotamidae;hippopotamus;,block,MRT,
mammalia;cetartiodactyla;hippopotamidae;hippopotamus;,block,MSR,
mammalia;cetartiodactyla;hippopotamidae;hippopotamus;,block,MTQ,
mammalia;cetartiodactyla;hippopotamidae;hippopotamus;,block,MUS,
mammalia;cetartiodactyla;hippopotamidae;hippopotamus;,block,MYS,
mammalia;cetartiodactyla;hippopotamidae;hippopotamus;,block,MYT,
mammalia;cetartiodactyla;hippopotamidae;hippopotamus;,block,NCL,
mammalia;cetartiodactyla;hippopotamidae;hippopotamus;,block,NFK,
mammalia;cetartiodactyla;hippopotamidae;hippopotamus;,block,NIC,
mammalia;cetartiodactyla;hippopotamidae;hippopotamus;,block,NIU,
mammalia;cetartiodactyla;hippopotamidae;hippopotamus;,block,NLD,
mammalia;cetartiodactyla;hippopotamidae;hippopotamus;,block,NOR,
mammalia;cetartiodactyla;hippopotamidae;hippopotamus;,block,NPL,
mammalia;cetartiodactyla;hippopotamidae;hippopotamus;,block,NRU,
mammalia;cetartiodactyla;hippopotamidae;hippopotamus;,block,NZL,
mammalia;cetartiodactyla;hippopotamidae;hippopotamus;,block,OMN,
mammalia;cetartiodactyla;hippopotamidae;hippopotamus;,block,PAK,
mammalia;cetartiodactyla;hippopotamidae;hippopotamus;,block,PAN,
mammalia;cetartiodactyla;hippopotamidae;hippopotamus;,block,PCN,
mammalia;cetartiodactyla;hippopotamidae;hippopotamus;,block,PER,
mammalia;cetartiodactyla;hippopotamidae;hippopotamus;,block,PHL,
mammalia;cetartiodactyla;hippopotamidae;hippopotamus;,block,PLW,
mammalia;cetartiodactyla;hippopotamidae;hippopotamus;,block,PNG,
mammalia;cetartiodactyla;hippopotamidae;hippopotamus;,block,POL,
mammalia;cetartiodactyla;hippopotamidae;hippopotamus;,block,PRI,
mammalia;cetartiodactyla;hippopotamidae;hippopotamus;,block,PRK,
mammalia;cetartiodactyla;hippopotamidae;hippopotamus;,block,PRT,
mammalia;cetartiodactyla;hippopotamidae;hippopotamus;,block,PRY,
mammalia;cetartiodactyla;hippopotamidae;hippopotamus;,block,PSE,
mammalia;cetartiodactyla;hippopotamidae;hippopotamus;,block,PYF,
mammalia;cetartiodactyla;hippopotamidae;hippopotamus;,block,QAT,
mammalia;cetartiodactyla;hippopotamidae;hippopotamus;,block,REU,
mammalia;cetartiodactyla;hippopotamidae;hippopotamus;,block,ROU,
mammalia;cetartiodactyla;hippopotamidae;hippopotamus;,block,RUS,
mammalia;cetartiodactyla;hippopotamidae;hippopotamus;,block,SAU,
mammalia;cetartiodactyla;hippopotamidae;hippopotamus;,block,SGP,
mammalia;cetartiodactyla;hippopotamidae;hippopotamus;,block,SGS,
mammalia;cetartiodactyla;hippopotamidae;hippopotamus;,block,SHN,
mammalia;cetartiodactyla;hippopotamidae;hippopotamus;,block,SJM,
mammalia;cetartiodactyla;hippopotamidae;hippopotamus;,block,SLB,
mammalia;cetartiodactyla;hippopotamidae;hippopotamus;,block,SLV,
mammalia;cetartiodactyla;hippopotamidae;hippopotamus;,block,SMR,
mammalia;cetartiodactyla;hippopotamidae;hippopotamus;,block,SPM,
mammalia;cetartiodactyla;hippopotamidae;hippopotamus;,block,SRB,
mammalia;cetartiodactyla;hippopotamidae;hippopotamus;,block,STP,
mammalia;cetartiodactyla;hippopotamidae;hippopotamus;,block,SUR,
mammalia;cetartiodactyla;hippopotamidae;hippopotamus;,block,SVK,
mammalia;cetartiodactyla;hippopotamidae;hippopotamus;,block,SVN,
mammalia;cetartiodactyla;hippopotamidae;hippopotamus;,block,SWE,
mammalia;cetartiodactyla;hippopotamidae;hippopotamus;,block,SXM,
mammalia;cetartiodactyla;hippopotamidae;hippopotamus;,block,SYC,
mammalia;cetartiodactyla;hippopotamidae;hippopotamus;,block,SYR,
mammalia;cetartiodactyla;hippopotamidae;hippopotamus;,block,TCA,
mammalia;cetartiodactyla;hippopotamidae;hippopotamus;,block,THA,
mammalia;cetartiodactyla;hippopotamidae;hippopotamus;,block,TJK,
mammalia;cetartiodactyla;hippopotamidae;hippopotamus;,block,TKL,
mammalia;cetartiodactyla;hippopotamidae;hippopotamus;,block,TKM,
mammalia;cetartiodactyla;hippopotamidae;hippopotamus;,block,TLS,
mammalia;cetartiodactyla;hippopotamidae;hippopotamus;,block,TON,
mammalia;cetartiodactyla;hippopotamidae;hippopotamus;,block,TTO,
mammalia;cetartiodactyla;hippopotamidae;hippopotamus;,block,TUN,
mammalia;cetartiodactyla;hippopotamidae;hippopotamus;,block,TUR,
mammalia;cetartiodactyla;hippopotamidae;hippopotamus;,block,TUV,
mammalia;cetartiodactyla;hippopotamidae;hippopotamus;,block,TWN,
mammalia;cetartiodactyla;hippopotamidae;hippopotamus;,block,UKR,
mammalia;cetartiodactyla;hippopotamidae;hippopotamus;,block,UMI,
mammalia;cetartiodactyla;hippopotamidae;hippopotamus;,block,URY,
mammalia;cetartiodactyla;hippopotamidae;hippopotamus;,block,USA,
mammalia;cetartiodactyla;hippopotamidae;hippopotamus;,block,UZB,
mammalia;cetartiodactyla;hippopotamidae;hippopotamus;,block,VAT,
mammalia;cetartiodactyla;hippopotamidae;hippopotamus;,block,VCT,
mammalia;cetartiodactyla;hippopotamidae;hippopotamus;,block,VEN,
mammalia;cetartiodactyla;hippopotamidae;hippopotamus;,block,VGB,
mammalia;cetartiodactyla;hippopotamidae;hippopotamus;,block,VIR,
mammalia;cetartiodactyla;hippopotamidae;hippopotamus;,block,VNM,
mammalia;cetartiodactyla;hippopotamidae;hippopotamus;,block,VUT,
mammalia;cetartiodactyla;hippopotamidae;hippopotamus;,block,WLF,
mammalia;cetartiodactyla;hippopotamidae;hippopotamus;,block,WSM,
mammalia;cetartiodactyla;hippopotamidae;hippopotamus;,block,YEM,
mammalia;cetartiodactyla;hippopotamidae;;,block,ABW,
mammalia;cetartiodactyla;hippopotamidae;;,block,AFG,
mammalia;cetartiodactyla;hippopotamidae;;,block,AIA,
mammalia;cetartiodactyla;hippopotamidae;;,block,ALA,
mammalia;cetartiodactyla;hippopotamidae;;,block,ALB,
mammalia;cetartiodactyla;hippopotamidae;;,block,AND,
mammalia;cetartiodactyla;hippopotamidae;;,block,ARE,
mammalia;cetartiodactyla;hippopotamidae;;,block,ARG,
mammalia;cetartiodactyla;hippopotamidae;;,block,ARM,
mammalia;cetartiodactyla;hippopotamidae;;,block,ASM,
mammalia;cetartiodactyla;hippopotamidae;;,block,ATA,
mammalia;cetartiodactyla;hippopotamidae;;,block,ATF,
mammalia;cetartiodactyla;hippopotamidae;;,block,ATG,
mammalia;cetartiodactyla;hippopotamidae;;,block,AUS,
mammalia;cetartiodactyla;hippopotamidae;;,block,AUT,
mammalia;cetartiodactyla;hippopotamidae;;,block,AZE,
mammalia;cetartiodactyla;hippopotamidae;;,block,BEL,
mammalia;cetartiodactyla;hippopotamidae;;,block,BES,
mammalia;cetartiodactyla;hippopotamidae;;,block,BGD,
mammalia;cetartiodactyla;hippopotamidae;;,block,BGR,
mammalia;cetartiodactyla;hippopotamidae;;,block,BHR,
mammalia;cetartiodactyla;hippopotamidae;;,block,BHS,
mammalia;cetartiodactyla;hippopotamidae;;,block,BIH,
mammalia;cetartiodactyla;hippopotamidae;;,block,BLM,
mammalia;cetartiodactyla;hippopotamidae;;,block,BLR,
mammalia;cetartiodactyla;hippopotamidae;;,block,BLZ,
mammalia;cetartiodactyla;hippopotamidae;;,block,BMU,
mammalia;cetartiodactyla;hippopotamidae;;,block,BOL,
mammalia;cetartiodactyla;hippopotamidae;;,block,BRA,
mammalia;cetartiodactyla;hippopotamidae;;,block,BRB,
mammalia;cetartiodactyla;hippopotamidae;;,block,BRN,
mammalia;cetartiodactyla;hippopotamidae;;,block,BTN,
mammalia;cetartiodactyla;hippopotamidae;;,block,BVT,
mammalia;cetartiodactyla;hippopotamidae;;,block,CAN,
mammalia;cetartiodactyla;hippopotamidae;;,block,CCK,
mammalia;cetartiodactyla;hippopotamidae;;,block,CHE,
mammalia;cetartiodactyla;hippopotamidae;;,block,CHL,
mammalia;cetartiodactyla;hippopotamidae;;,block,CHN,
mammalia;cetartiodactyla;hippopotamidae;;,block,COK,
mammalia;cetartiodactyla;hippopotamidae;;,block,COM,
mammalia;cetartiodactyla;hippopotamidae;;,block,CPV,
mammalia;cetartiodactyla;hippopotamidae;;,block,CRI,
mammalia;cetartiodactyla;hippopotamidae;;,block,CUB,
mammalia;cetartiodactyla;hippopotamidae;;,block,CUW,
mammalia;cetartiodactyla;hippopotamidae;;,block,CXR,
mammalia;cetartiodactyla;hippopotamidae;;,block,CYM,
mammalia;cetartiodactyla;hippopotamidae;;,block,CYP,
mammalia;cetartiodactyla;hippopotamidae;;,block,CZE,
mammalia;cetartiodactyla;hippopotamidae;;,block,DEU,
mammalia;cetartiodactyla;hippopotamidae;;,block,DJI,
mammalia;cetartiodactyla;hippopotamidae;;,block,DMA,
mammalia;cetartiodactyla;hippopotamidae;;,block,DNK,
mammalia;cetartiodactyla;hippopotamidae;;,block,DOM,
mammalia;cetartiodactyla;hippopotamidae;;,block,DZA,
mammalia;cetartiodactyla;hippopotamidae;;,block,ECU,
mammalia;cetartiodactyla;hippopotamidae;;,block,EGY,
mammalia;cetartiodactyla;hippopotamidae;;,block,ERI,
mammalia;cetartiodactyla;hippopotamidae;;,block,ESH,
mammalia;cetartiodactyla;hippopotamidae;;,block,ESP,
mammalia;cetartiodactyla;hippopotamidae;;,block,EST,
mammalia;cetartiodactyla;hippopotamidae;;,block,FIN,
mammalia;cetartiodactyla;hippopotamidae;;,block,FJI,
mammalia;cetartiodactyla;hippopotamidae;;,block,FLK,
mammalia;cetartiodactyla;hippopotamidae;;,block,FRA,
mammalia;cetartiodactyla;hippopotamidae;;,block,FRO,
mammalia;cetartiodactyla;hippopotamidae;;,block,FSM,
mammalia;cetartiodactyla;hippopotamidae;;,block,GBR,
mammalia;cetartiodactyla;hippopotamidae;;,block,GEO,
mammalia;cetartiodactyla;hippopotamidae;;,block,GGY,
mammalia;cetartiodactyla;hippopotamidae;;,block,GIB,
mammalia;cetartiodactyla;hippopotamidae;;,block,GLP,
mammalia;cetartiodactyla;hippopotamidae;;,block,GRC,
mammalia;cetartiodactyla;hippopotamidae;;,block,GRD,
mammalia;cetartiodactyla;hippopotamidae;;,block,GRL,
mammalia;cetartiodactyla;hippopotamidae;;,block,GTM,
mammalia;cetartiodactyla;hippopotamidae;;,block,GUF,
mammalia;cetartiodactyla;hippopotamidae;;,block,GUM,
mammalia;cetartiodactyla;hippopotamidae;;,block,GUY,
mammalia;cetartiodactyla;hippopotamidae;;,block,HKG,
mammalia;cetartiodactyla;hippopotamidae;;,block,HMD,
mammalia;cetartiodactyla;hippopotamidae;;,block,HND,
mammalia;cetartiodactyla;hippopotamidae;;,block,HRV,
mammalia;cetartiodactyla;hippopotamidae;;,block,HTI,
mammalia;cetartiodactyla;hippopotamidae;;,block,HUN,
mammalia;cetartiodactyla;hippopotamidae;;,block,IDN,
mammalia;cetartiodactyla;hippopotamidae;;,block,IMN,
mammalia;cetartiodactyla;hippopotamidae;;,block,IND,
mammalia;cetartiodactyla;hippopotamidae;;,block,IOT,
mammalia;cetartiodactyla;hippopotamidae;;,block,IRL,
mammalia;cetartiodactyla;hippopotamidae;;,block,IRN,
mammalia;cetartiodactyla;hippopotamidae;;,block,IRQ,
mammalia;cetartiodactyla;hippopotamidae;;,block,ISL,
mammalia;cetartiodactyla;hippopotamidae;;,block,ISR,
mammalia;cetartiodactyla;hippopotamidae;;,block,ITA,
mammalia;cetartiodactyla;hippopotamidae;;,block,JAM,
mammalia;cetartiodactyla;hippopotamidae;;,block,JEY,
mammalia;cetartiodactyla;hippopotamidae;;,block,JOR,
mammalia;cetartiodactyla;hippopotamidae;;,block,JPN,
mammalia;cetartiodactyla;hippopotamidae;;,block,KAZ,
mammalia;cetartiodactyla;hippopotamidae;;,block,KGZ,
mammalia;cetartiodactyla;hippopotamidae;;,block,KHM,
mammalia;cetartiodactyla;hippopotamidae;;,block,KIR,
mammalia;cetartiodactyla;hippopotamidae;;,block,KNA,
mammalia;cetartiodactyla;hippopotamidae;;,block,KOR,
mammalia;cetartiodactyla;hippopotamidae;;,block,KWT,
mammalia;cetartiodactyla;hippopotamidae;;,block,LAO,
mammalia;cetartiodactyla;hippopotamidae;;,block,LBN,
mammalia;cetartiodactyla;hippopotamidae;;,block,LBY,
mammalia;cetartiodactyla;hippopotamidae;;,block,LCA,
mammalia;cetartiodactyla;hippopotamidae;;,block,LIE,
mammalia;cetartiodactyla;hippopotamidae;;,block,LKA,
mammalia;cetartiodactyla;hippopotamidae;;,block,LSO,
mammalia;cetartiodactyla;hippopotamidae;;,block,LTU,
mammalia;cetartiodactyla;hippopotamidae;;,block,LUX,
mammalia;cetartiodactyla;hippopotamidae;;,block,LVA,
mammalia;cetartiodactyla;hippopotamidae;;,block,MAC,
mammalia;cetartiodactyla;hippopotamidae;;,block,MAF,
mammalia;cetartiodactyla;hippopotamidae;;,block,MAR,
mammalia;cetartiodactyla;hippopotamidae;;,block,MCO,
mammalia;cetartiodactyla;hippopotamidae;;,block,MDA,
mammalia;cetartiodactyla;hippopotamidae;;,block,MDG,
mammalia;cetartiodactyla;hippopotamidae;;,block,MDV,
mammalia;cetartiodactyla;hippopotamidae;;,block,MEX,
mammalia;cetartiodactyla;hippopotamidae;;,block,MHL,
mammalia;cetartiodactyla;hippopotamidae;;,block,MKD,
mammalia;cetartiodactyla;hippopotamidae;;,block,MLT,
mammalia;cetartiodactyla;hippopotamidae;;,block,MMR,
mammalia;cetartiodactyla;hippopotamidae;;,block,MNE,
mammalia;cetartiodactyla;hippopotamidae;;,block,MNG,
mammalia;cetartiodactyla;hippopotamidae;;,block,MNP,
mammalia;cetartiodactyla;hippopotamidae;;,block,MRT,
mammalia;cetartiodactyla;hippopotamidae;;,block,MSR,
mammalia;cetartiodactyla;hippopotamidae;;,block,MTQ,
mammalia;cetartiodactyla;hippopotamidae;;,block,MUS,
mammalia;cetartiodactyla;hippopotamidae;;,block,MYS,
mammalia;cetartiodactyla;hippopotamidae;;,block,MYT,
mammalia;cetartiodactyla;hippopotamidae;;,block,NCL,
mammalia;cetartiodactyla;hippopotamidae;;,block,NFK,
mammalia;cetartiodactyla;hippopotamidae;;,block,NIC,
mammalia;cetartiodactyla;hippopotamidae;;,block,NIU,
mammalia;cetartiodactyla;hippopotamidae;;,block,NLD,
mammalia;cetartiodactyla;hippopotamidae;;,block,NOR,
mammalia;cetartiodactyla;hippopotamidae;;,block,NPL,
mammalia;cetartiodactyla;hippopotamidae;;,block,NRU,
mammalia;cetartiodactyla;hippopotamidae;;,block,NZL,
mammalia;cetartiodactyla;hippopotamidae;;,block,OMN,
mammalia;cetartiodactyla;hippopotamidae;;,block,PAK,
mammalia;cetartiodactyla;hippopotamidae;;,block,PAN,
mammalia;cetartiodactyla;hippopotamidae;;,block,PCN,
mammalia;cetartiodactyla;hippopotamidae;;,block,PER,
mammalia;cetartiodactyla;hippopotamidae;;,block,PHL,
mammalia;cetartiodactyla;hippopotamidae;;,block,PLW,
mammalia;cetartiodactyla;hippopotamidae;;,block,PNG,
mammalia;cetartiodactyla;hippopotamidae;;,block,POL,
mammalia;cetartiodactyla;hippopotamidae;;,block,PRI,
mammalia;cetartiodactyla;hippopotamidae;;,block,PRK,
mammalia;cetartiodactyla;hippopotamidae;;,block,PRT,
mammalia;cetartiodactyla;hippopotamidae;;,block,PRY,
mammalia;cetartiodactyla;hippopotamidae;;,block,PSE,
mammalia;cetartiodactyla;hippopotamidae;;,block,PYF,
mammalia;cetartiodactyla;hippopotamidae;;,block,QAT,
mammalia;cetartiodactyla;hippopotamidae;;,block,REU,
mammalia;cetartiodactyla;hippopotamidae;;,block,ROU,
mammalia;cetartiodactyla;hippopotamidae;;,block,RUS,
mammalia;cetartiodactyla;hippopotamidae;;,block,SAU,
mammalia;cetartiodactyla;hippopotamidae;;,block,SGP,
mammalia;cetartiodactyla;hippopotamidae;;,block,SGS,
mammalia;cetartiodactyla;hippopotamidae;;,block,SHN,
mammalia;cetartiodactyla;hippopotamidae;;,block,SJM,
mammalia;cetartiodactyla;hippopotamidae;;,block,SLB,
mammalia;cetartiodactyla;hippopotamidae;;,block,SLV,
mammalia;cetartiodactyla;hippopotamidae;;,block,SMR,
mammalia;cetartiodactyla;hippopotamidae;;,block,SPM,
mammalia;cetartiodactyla;hippopotamidae;;,block,SRB,
mammalia;cetartiodactyla;hippopotamidae;;,block,STP,
mammalia;cetartiodactyla;hippopotamidae;;,block,SUR,
mammalia;cetartiodactyla;hippopotamidae;;,block,SVK,
mammalia;cetartiodactyla;hippopotamidae;;,block,SVN,
mammalia;cetartiodactyla;hippopotamidae;;,block,SWE,
mammalia;cetartiodactyla;hippopotamidae;;,block,SXM,
mammalia;cetartiodactyla;hippopotamidae;;,block,SYC,
mammalia;cetartiodactyla;hippopotamidae;;,block,SYR,
mammalia;cetartiodactyla;hippopotamidae;;,block,TCA,
mammalia;cetartiodactyla;hippopotamidae;;,block,THA,
mammalia;cetartiodactyla;hippopotamidae;;,block,TJK,
mammalia;cetartiodactyla;hippopotamidae;;,block,TKL,
mammalia;cetartiodactyla;hippopotamidae;;,block,TKM,
mammalia;cetartiodactyla;hippopotamidae;;,block,TLS,
mammalia;cetartiodactyla;hippopotamidae;;,block,TON,
mammalia;cetartiodactyla;hippopotamidae;;,block,TTO,
mammalia;cetartiodactyla;hippopotamidae;;,block,TUN,
mammalia;cetartiodactyla;hippopotamidae;;,block,TUR,
mammalia;cetartiodactyla;hippopotamidae;;,block,TUV,
mammalia;cetartiodactyla;hippopotamidae;;,block,TWN,
mammalia;cetartiodactyla;hippopotamidae;;,block,UKR,
mammalia;cetartiodactyla;hippopotamidae;;,block,UMI,
mammalia;cetartiodactyla;hippopotamidae;;,block,URY,
mammalia;cetartiodactyla;hippopotamidae;;,block,USA,
mammalia;cetartiodactyla;hippopotamidae;;,block,UZB,
mammalia;cetartiodactyla;hippopotamidae;;,block,VAT,
mammalia;cetartiodactyla;hippopotamidae;;,block,VCT,
mammalia;cetartiodactyla;hippopotamidae;;,block,VEN,
mammalia;cetartiodactyla;hippopotamidae;;,block,VGB,
mammalia;cetartiodactyla;hippopotamidae;;,block,VIR,
mammalia;cetartiodactyla;hippopotamidae;;,block,VNM,
mammalia;cetartiodactyla;hippopotamidae;;,block,VUT,
mammalia;cetartiodactyla;hippopotamidae;;,block,WLF,
mammalia;cetartiodactyla;hippopotamidae;;,block,WSM,
mammalia;cetartiodactyla;hippopotamidae;;,block,YEM,
aves;passeriformes;pittidae;;,block,ALB,
aves;passeriformes;pittidae;;,block,AND,
aves;passeriformes;pittidae;;,block,AUT,
aves;passeriformes;pittidae;;,block,BEL,
aves;passeriformes;pittidae;;,block,BGR,
aves;passeriformes;pittidae;;,block,BIH,
aves;passeriformes;pittidae;;,block,BLR,
aves;passeriformes;pittidae;;,block,CHE,
aves;passeriformes;pittidae;;,block,CYP,
aves;passeriformes;pittidae;;,block,CZE,
aves;passeriformes;pittidae;;,block,DEU,
aves;passeriformes;pittidae;;,block,DNK,
aves;passeriformes;pittidae;;,block,ESP,
aves;passeriformes;pittidae;;,block,EST,
aves;passeriformes;pittidae;;,block,FIN,
aves;passeriformes;pittidae;;,block,FRA,
aves;passeriformes;pittidae;;,block,GBR,
aves;passeriformes;pittidae;;,block,GRC,
aves;passeriformes;pittidae;;,block,HRV,
aves;passeriformes;pittidae;;,block,HUN,
aves;passeriformes;pittidae;;,block,IRL,
aves;passeriformes;pittidae;;,block,ISL,
aves;passeriformes;pittidae;;,block,ITA,
aves;passeriformes;pittidae;;,block,LIE,
aves;passeriformes;pittidae;;,block,LTU,
aves;passeriformes;pittidae;;,block,LUX,
aves;passeriformes;pittidae;;,block,LVA,
aves;passeriformes;pittidae;;,block,MCO,
aves;passeriformes;pittidae;;,block,MDA,
aves;passeriformes;pittidae;;,block,MKD,
aves;passeriformes;pittidae;;,block,MLT,
aves;passeriformes;pittidae;;,block,MNE,
aves;passeriformes;pittidae;;,block,NLD,
aves;passeriformes;pittidae;;,block,NOR,
aves;passeriformes;pittidae;;,block,POL,
aves;passeriformes;pittidae;;,block,PRT,
aves;passeriformes;pittidae;;,block,ROU,
aves;passeriformes;pittidae;;,block,RUS,
aves;passeriformes;pittidae;;,block,SMR,
aves;passeriformes;pittidae;;,block,SRB,
aves;passeriformes;pittidae;;,block,SVK,
aves;passeriformes;pittidae;;,block,SVN,
aves;passeriformes;pittidae;;,block,SWE,
aves;passeriformes;pittidae;;,block,UKR,
aves;passeriformes;pittidae;;,block,VAT,
aves;passeriformes;pittidae;;,block,ABW,
aves;passeriformes;pittidae;;,block,ATG,
aves;passeriformes;pittidae;;,block,BHS,
aves;passeriformes;pittidae;;,block,BLZ,
aves;passeriformes;pittidae;;,block,BMU,
aves;passeriformes;pittidae;;,block,BRB,
aves;passeriformes;pittidae;;,block,CAN,
aves;passeriformes;pittidae;;,block,CRI,
aves;passeriformes;pittidae;;,block,CUB,
aves;passeriformes;pittidae;;,block,CUW,
aves;passeriformes;pittidae;;,block,CYM,
aves;passeriformes;pittidae;;,block,DMA,
aves;passeriformes;pittidae;;,block,DOM,
aves;passeriformes;pittidae;;,block,GLP,
aves;passeriformes;pittidae;;,block,GRD,
aves;passeriformes;pittidae;;,block,GTM,
aves;passeriformes;pittidae;;,block,HND,
aves;passeriformes;pittidae;;,block,HTI,
aves;passeriformes;pittidae;;,block,JAM,
aves;passeriformes;pittidae;;,block,KNA,
aves;passeriformes;pittidae;;,block,LCA,
aves;passeriformes;pittidae;;,block,MEX,
aves;passeriformes;pittidae;;,block,MTQ,
aves;passeriformes;pittidae;;,block,NIC,
aves;passeriformes;pittidae;;,block,PAN,
aves;passeriformes;pittidae;;,block,PRI,
aves;passeriformes;pittidae;;,block,SLV,
aves;passeriformes;pittidae;;,block,TCA,
aves;passeriformes;pittidae;;,block,TTO,
aves;passeriformes;pittidae;;,block,USA,
aves;passeriformes;pittidae;;,block,VCT,
aves;passeriformes;pittidae;;,block,VGB,
aves;passeriformes;pittidae;;,block,VIR,
aves;passeriformes;pittidae;;,block,ARG,
aves;passeriformes;pittidae;;,block,BOL,
aves;passeriformes;pittidae;;,block,BRA,
aves;passeriformes;pittidae;;,block,CHL,
aves;passeriformes;pittidae;;,block,COL,
aves;passeriformes;pittidae;;,block,ECU,
aves;passeriformes;pittidae;;,block,GUF,
aves;passeriformes;pittidae;;,block,GUY,
aves;passeriformes;pittidae;;,block,PER,
aves;passeriformes;pittidae;;,block,PRY,
aves;passeriformes;pittidae;;,block,SUR,
aves;passeriformes;pittidae;;,block,URY,
aves;passeriformes;pittidae;;,block,VEN,
mammalia;diprotodontia;macropodidae;;,block,ABW,
mammalia;diprotodontia;macropodidae;;,block,AFG,
mammalia;diprotodontia;macropodidae;;,block,AGO,
mammalia;diprotodontia;macropodidae;;,block,AIA,
mammalia;diprotodontia;macropodidae;;,block,ALA,
mammalia;diprotodontia;macropodidae;;,block,ALB,
mammalia;diprotodontia;macropodidae;;,block,AND,
mammalia;diprotodontia;macropodidae;;,block,ARE,
mammalia;diprotodontia;macropodidae;;,block,ARG,
mammalia;diprotodontia;macropodidae;;,block,ARM,
mammalia;diprotodontia;macropodidae;;,block,ASM,
mammalia;diprotodontia;macropodidae;;,block,ATA,
mammalia;diprotodontia;macropodidae;;,block,ATF,
mammalia;diprotodontia;macropodidae;;,block,ATG,
mammalia;diprotodontia;macropodidae;;,block,AUT,
mammalia;diprotodontia;macropodidae;;,block,AZE,
mammalia;diprotodontia;macropodidae;;,block,BDI,
mammalia;diprotodontia;macropodidae;;,block,BEL,
mammalia;diprotodontia;macropodidae;;,block,BEN,
mammalia;diprotodontia;macropodidae;;,block,BES,
mammalia;diprotodontia;macropodidae;;,block,BFA,
mammalia;diprotodontia;macropodidae;;,block,BGD,
mammalia;diprotodontia;macropodidae;;,block,BGR,
mammalia;diprotodontia;macropodidae;;,block,BHR,
mammalia;diprotodontia;macropodidae;;,block,BHS,
mammalia;diprotodontia;macropodidae;;,block,BIH,
mammalia;diprotodontia;macropodidae;;,block,BLM,
mammalia;diprotodontia;macropodidae;;,block,BLR,
mammalia;diprotodontia;macropodidae;;,block,BLZ,
mammalia;diprotodontia;macropodidae;;,block,BMU,
mammalia;diprotodontia;macropodidae;;,block,BOL,
mammalia;diprotodontia;macropodidae;;,block,BRA,
mammalia;diprotodontia;macropodidae;;,block,BRB,
mammalia;diprotodontia;macropodidae;;,block,BRN,
mammalia;diprotodontia;macropodidae;;,block,BTN,
mammalia;diprotodontia;macropodidae;;,block,BVT,
mammalia;diprotodontia;macropodidae;;,block,BWA,
mammalia;diprotodontia;macropodidae;;,block,CAF,
mammalia;diprotodontia;macropodidae;;,block,CAN,
mammalia;diprotodontia;macropodidae;;,block,CCK,
mammalia;diprotodontia;macropodidae;;,block,CHE,
mammalia;diprotodontia;macropodidae;;,block,CHL,
mammalia;diprotodontia;macropodidae;;,block,CHN,
mammalia;diprotodontia;macropodidae;;,block,CIV,
mammalia;diprotodontia;macropodidae;;,block,CMR,
mammalia;diprotodontia;macropodidae;;,block,COD,
mammalia;diprotodontia;macropodidae;;,block,COG,
mammalia;diprotodontia;macropodidae;;,block,COK,
mammalia;diprotodontia;macropodidae;;,block,COL,
mammalia;diprotodontia;macropodidae;;,block,COM,
mammalia;diprotodontia;macropodidae;;,block,CPV,
mammalia;diprotodontia;macropodidae;;,block,CRI,
mammalia;diprotodontia;macropodidae;;,block,CUB,
mammalia;diprotodontia;macropodidae;;,block,CUW,
mammalia;diprotodontia;macropodidae;;,block,CXR,
mammalia;diprotodontia;macropodidae;;,block,CYM,
mammalia;diprotodontia;macropodidae;;,block,CYP,
mammalia;diprotodontia;macropodidae;;,block,CZE,
mammalia;diprotodontia;macropodidae;;,block,DEU,
mammalia;diprotodontia;macropodidae;;,block,DJI,
mammalia;diprotodontia;macropodidae;;,block,DMA,
mammalia;diprotodontia;macropodidae;;,block,DNK,
mammalia;diprotodontia;macropodidae;;,block,DOM,
mammalia;diprotodontia;macropodidae;;,block,DZA,
mammalia;diprotodontia;macropodidae;;,block,ECU,
mammalia;diprotodontia;macropodidae;;,block,EGY,
mammalia;diprotodontia;macropodidae;;,block,ERI,
mammalia;diprotodontia;macropodidae;;,block,ESH,
mammalia;diprotodontia;macropodidae;;,block,ESP,
mammalia;diprotodontia;macropodidae;;,block,EST,
mammalia;diprotodontia;macropodidae;;,block,ETH,
mammalia;diprotodontia;macropodidae;;,block,FIN,
mammalia;diprotodontia;macropodidae;;,block,FJI,
mammalia;diprotodontia;macropodidae;;,block,FLK,
mammalia;diprotodontia;macropodidae;;,block,FRA,
mammalia;diprotodontia;macropodidae;;,block,FRO,
mammalia;diprotodontia;macropodidae;;,block,FSM,
mammalia;diprotodontia;macropodidae;;,block,GAB,
mammalia;diprotodontia;macropodidae;;,block,GBR,
mammalia;diprotodontia;macropodidae;;,block,GEO,
mammalia;diprotodontia;macropodidae;;,block,GGY,
mammalia;diprotodontia;macropodidae;;,block,GHA,
mammalia;diprotodontia;macropodidae;;,block,GIB,
mammalia;diprotodontia;macropodidae;;,block,GIN,
mammalia;diprotodontia;macropodidae;;,block,GLP,
mammalia;diprotodontia;macropodidae;;,block,GMB,
mammalia;diprotodontia;macropodidae;;,block,GNB,
mammalia;diprotodontia;macropodidae;;,block,GNQ,
mammalia;diprotodontia;macropodidae;;,block,GRC,
mammalia;diprotodontia;macropodidae;;,block,GRD,
mammalia;diprotodontia;macropodidae;;,block,GRL,
mammalia;diprotodontia;macropodidae;;,block,GTM,
mammalia;diprotodontia;macropodidae;;,block,GUF,
mammalia;diprotodontia;macropodidae;;,block,GUM,
mammalia;diprotodontia;macropodidae;;,block,GUY,
mammalia;diprotodontia;macropodidae;;,block,HKG,
mammalia;diprotodontia;macropodidae;;,block,HMD,
mammalia;diprotodontia;macropodidae;;,block,HND,
mammalia;diprotodontia;macropodidae;;,block,HRV,
mammalia;diprotodontia;macropodidae;;,block,HTI,
mammalia;diprotodontia;macropodidae;;,block,HUN,
mammalia;diprotodontia;macropodidae;;,block,IMN,
mammalia;diprotodontia;macropodidae;;,block,IND,
mammalia;diprotodontia;macropodidae;;,block,IOT,
mammalia;diprotodontia;macropodidae;;,block,IRL,
mammalia;diprotodontia;macropodidae;;,block,IRN,
mammalia;diprotodontia;macropodidae;;,block,IRQ,
mammalia;diprotodontia;macropodidae;;,block,ISL,
mammalia;diprotodontia;macropodidae;;,block,ISR,
mammalia;diprotodontia;macropodidae;;,block,ITA,
mammalia;diprotodontia;macropodidae;;,block,JAM,
mammalia;diprotodontia;macropodidae;;,block,JEY,
mammalia;diprotodontia;macropodidae;;,block,JOR,
mammalia;diprotodontia;macropodidae;;,block,JPN,
mammalia;diprotodontia;macropodidae;;,block,KAZ,
mammalia;diprotodontia;macropodidae;;,block,KEN,
mammalia;diprotodontia;macropodidae;;,block,KGZ,
mammalia;diprotodontia;macropodidae;;,block,KHM,
mammalia;diprotodontia;macropodidae;;,block,KIR,
mammalia;diprotodontia;macropodidae;;,block,KNA,
mammalia;diprotodontia;macropodidae;;,block,KOR,
mammalia;diprotodontia;macropodidae;;,block,KWT,
mammalia;diprotodontia;macropodidae;;,block,LAO,
mammalia;diprotodontia;macropodidae;;,block,LBN,
mammalia;diprotodontia;macropodidae;;,block,LBR,
mammalia;diprotodontia;macropodidae;;,block,LBY,
mammalia;diprotodontia;macropodidae;;,block,LCA,
mammalia;diprotodontia;macropodidae;;,block,LIE,
mammalia;diprotodontia;macropodidae;;,block,LKA,
mammalia;diprotodontia;macropodidae;;,block,LSO,
mammalia;diprotodontia;macropodidae;;,block,LTU,
mammalia;diprotodontia;macropodidae;;,block,LUX,
mammalia;diprotodontia;macropodidae;;,block,LVA,
mammalia;diprotodontia;macropodidae;;,block,MAC,
mammalia;diprotodontia;macropodidae;;,block,MAF,
mammalia;diprotodontia;macropodidae;;,block,MAR,
mammalia;diprotodontia;macropodidae;;,block,MCO,
mammalia;diprotodontia;macropodidae;;,block,MDA,
mammalia;diprotodontia;macropodidae;;,block,MDG,
mammalia;diprotodontia;macropodidae;;,block,MDV,
mammalia;diprotodontia;macropodidae;;,block,MEX,
mammalia;diprotodontia;macropodidae;;,block,MHL,
mammalia;diprotodontia;macropodidae;;,block,MKD,
mammalia;diprotodontia;macropodidae;;,block,MLI,
mammalia;diprotodontia;macropodidae;;,block,MLT,
mammalia;diprotodontia;macropodidae;;,block,MMR,
mammalia;diprotodontia;macropodidae;;,block,MNE,
mammalia;diprotodontia;macropodidae;;,block,MNG,
mammalia;diprotodontia;macropodidae;;,block,MNP,
mammalia;diprotodontia;macropodidae;;,block,MOZ,
mammalia;diprotodontia;macropodidae;;,block,MRT,
mammalia;diprotodontia;macropodidae;;,block,MSR,
mammalia;diprotodontia;macropodidae;;,block,MTQ,
mammalia;diprotodontia;macropodidae;;,block,MUS,
mammalia;diprotodontia;macropodidae;;,block,MWI,
mammalia;diprotodontia;macropodidae;;,block,MYS,
mammalia;diprotodontia;macropodidae;;,block,MYT,
mammalia;diprotodontia;macropodidae;;,block,NAM,
mammalia;diprotodontia;macropodidae;;,block,NCL,
mammalia;diprotodontia;macropodidae;;,block,NER,
mammalia;diprotodontia;macropodidae;;,block,NFK,
mammalia;diprotodontia;macropodidae;;,block,NGA,
mammalia;diprotodontia;macropodidae;;,block,NIC,
mammalia;diprotodontia;macropodidae;;,block,NIU,
mammalia;diprotodontia;macropodidae;;,block,NLD,
mammalia;diprotodontia;macropodidae;;,block,NOR,
mammalia;diprotodontia;macropodidae;;,block,NPL,
mammalia;diprotodontia;macropodidae;;,block,NRU,
mammalia;diprotodontia;macropodidae;;,block,OMN,
mammalia;diprotodontia;macropodidae;;,block,PAK,
mammalia;diprotodontia;macropodidae;;,block,PAN,
mammalia;diprotodontia;macropodidae;;,block,PCN,
mammalia;diprotodontia;macropodidae;;,block,PER,
mammalia;diprotodontia;macropodidae;;,block,PHL,
mammalia;diprotodontia;macropodidae;;,block,PLW,
mammalia;diprotodontia;macropodidae;;,block,POL,
mammalia;diprotodontia;macropodidae;;,block,PRI,
mammalia;diprotodontia;macropodidae;;,block,PRK,
mammalia;diprotodontia;macropodidae;;,block,PRT,
mammalia;diprotodontia;macropodidae;;,block,PRY,
mammalia;diprotodontia;macropodidae;;,block,PSE,
mammalia;diprotodontia;macropodidae;;,block,PYF,
mammalia;diprotodontia;macropodidae;;,block,QAT,
mammalia;diprotodontia;macropodidae;;,block,REU,
mammalia;diprotodontia;macropodidae;;,block,ROU,
mammalia;diprotodontia;macropodidae;;,block,RUS,
mammalia;diprotodontia;macropodidae;;,block,RWA,
mammalia;diprotodontia;macropodidae;;,block,SAU,
mammalia;diprotodontia;macropodidae;;,block,SDN,
mammalia;diprotodontia;macropodidae;;,block,SEN,
mammalia;diprotodontia;macropodidae;;,block,SGP,
mammalia;diprotodontia;macropodidae;;,block,SGS,
mammalia;diprotodontia;macropodidae;;,block,SHN,
mammalia;diprotodontia;macropodidae;;,block,SJM,
mammalia;diprotodontia;macropodidae;;,block,SLB,
mammalia;diprotodontia;macropodidae;;,block,SLE,
mammalia;diprotodontia;macropodidae;;,block,SLV,
mammalia;diprotodontia;macropodidae;;,block,SMR,
mammalia;diprotodontia;macropodidae;;,block,SOM,
mammalia;diprotodontia;macropodidae;;,block,SPM,
mammalia;diprotodontia;macropodidae;;,block,SRB,
mammalia;diprotodontia;macropodidae;;,block,SSD,
mammalia;diprotodontia;macropodidae;;,block,STP,
mammalia;diprotodontia;macropodidae;;,block,SUR,
mammalia;diprotodontia;macropodidae;;,block,SVK,
mammalia;diprotodontia;macropodidae;;,block,SVN,
mammalia;diprotodontia;macropodidae;;,block,SWE,
mammalia;diprotodontia;macropodidae;;,block,SWZ,
mammalia;diprotodontia;macropodidae;;,block,SXM,
mammalia;diprotodontia;macropodidae;;,block,SYC,
mammalia;diprotodontia;macropodidae;;,block,SYR,
mammalia;diprotodontia;macropodidae;;,block,TCA,
mammalia;diprotodontia;macropodidae;;,block,TCD,
mammalia;diprotodontia;macropodidae;;,block,TGO,
mammalia;diprotodontia;macropodidae;;,block,THA,
mammalia;diprotodontia;macropodidae;;,block,TJK,
mammalia;diprotodontia;macropodidae;;,block,TKL,
mammalia;diprotodontia;macropodidae;;,block,TKM,
mammalia;diprotodontia;macropodidae;;,block,TLS,
mammalia;diprotodontia;macropodidae;;,block,TON,
mammalia;diprotodontia;macropodidae;;,block,TTO,
mammalia;diprotodontia;macropodidae;;,block,TUN,
mammalia;diprotodontia;macropodidae;;,block,TUR,
mammalia;diprotodontia;macropodidae;;,block,TUV,
mammalia;diprotodontia;macropodidae;;,block,TWN,
mammalia;diprotodontia;macropodidae;;,block,TZA,
mammalia;diprotodontia;macropodidae;;,block,UGA,
mammalia;diprotodontia;macropodidae;;,block,UKR,
mammalia;diprotodontia;macropodidae;;,block,UMI,
mammalia;diprotodontia;macropodidae;;,block,URY,
mammalia;diprotodontia;macropodidae;;,block,USA,
mammalia;diprotodontia;macropodidae;;,block,UZB,
mammalia;diprotodontia;macropodidae;;,block,VAT,
mammalia;diprotodontia;macropodidae;;,block,VCT,
mammalia;diprotodontia;macropodidae;;,block,VEN,
mammalia;diprotodontia;macropodidae;;,block,VGB,
mammalia;diprotodontia;macropodidae;;,block,VIR,
mammalia;diprotodontia;macropodidae;;,block,VNM,
mammalia;diprotodontia;macropodidae;;,block,VUT,
mammalia;diprotodontia;macropodidae;;,block,WLF,
mammalia;diprotodontia;macropodidae;;,block,WSM,
mammalia;diprotodontia;macropodidae;;,block,YEM,
mammalia;diprotodontia;macropodidae;;,block,ZAF,
mammalia;diprotodontia;macropodidae;;,block,ZMB,
mammalia;diprotodontia;macropodidae;;,block,ZWE,
mammalia;carnivora;mustelidae;meles;meles,block,USA,
mammalia;diprotodontia;potoroidae;;,allow,AUS,
